Spine File,OldChordDistribution,OpenAngle,CVD,AverageDistance,LengthVolumeRatio,LengthAreaRatio,JunctionArea,Length,Area,Volume,ConvexHullVolume,ConvexHullRatio
example_dendrite\spine_18.off,"[1.84684685e+00 5.03003003e+00 5.09009009e+00 3.81631632e+00
 2.85285285e+00 2.06706707e+00 1.93943944e+00 1.69919920e+00
 1.54404404e+00 1.36136136e+00 1.10360360e+00 1.12862863e+00
 1.09609610e+00 1.00850851e+00 9.15915916e-01 9.60960961e-01
 9.28428428e-01 9.48448448e-01 1.02352352e+00 9.63463463e-01
 1.01601602e+00 1.03853854e+00 1.00350350e+00 1.08608609e+00
 1.06856857e+00 1.22872873e+00 1.13863864e+00 1.21621622e+00
 1.27127127e+00 1.16366366e+00 1.31381381e+00 1.36136136e+00
 1.33383383e+00 1.40140140e+00 1.45395395e+00 1.60160160e+00
 1.54154154e+00 1.52902903e+00 1.69669670e+00 1.60410410e+00
 1.51151151e+00 1.65415415e+00 1.52902903e+00 1.38888889e+00
 1.49899900e+00 1.40640641e+00 1.28628629e+00 1.14864865e+00
 1.22372372e+00 1.09609610e+00 1.06856857e+00 9.40940941e-01
 1.05605606e+00 9.88488488e-01 9.05905906e-01 8.83383383e-01
 8.15815816e-01 9.03403403e-01 7.10710711e-01 7.80780781e-01
 7.60760761e-01 7.43243243e-01 6.93193193e-01 6.30630631e-01
 7.03203203e-01 6.75675676e-01 6.50650651e-01 6.45645646e-01
 6.05605606e-01 6.23123123e-01 5.55555556e-01 4.92992993e-01
 4.82982983e-01 5.78078078e-01 4.85485485e-01 4.37937938e-01
 4.37937938e-01 4.52952953e-01 4.20420420e-01 3.80380380e-01
 3.67867868e-01 3.07807808e-01 2.42742743e-01 2.80280280e-01
 2.17717718e-01 2.05205205e-01 1.55155155e-01 1.57657658e-01
 8.00800801e-02 8.75875876e-02 9.00900901e-02 6.00600601e-02
 3.00300300e-02 1.75175175e-02 1.25125125e-02 1.75175175e-02
 2.50250250e-03 1.25125125e-02 2.50250250e-03 5.00500501e-03]",0.9863479379540852,0.28626888715782234,1.0686917559824625,0.9963739413692746,0.18023273686045627,1.0753936065123413,1.5794905471306284,7.688222674549497,1.5852387156572976,1.8164568438089956,0.14585697779644918
example_dendrite\spine_15.off,"[1.66620324 6.24344962 6.13650461 5.49483456 3.84788142 3.19979467
 2.58379141 2.51106881 2.07687207 1.68545334 1.72609244 1.51861913
 1.33681261 1.39242402 1.35606271 1.2598122  1.2320065  1.07158899
 1.13789489 1.12506149 1.2298676  1.1678395  1.2362843  1.2491177
 1.09939469 1.10581139 1.08442239 1.02239428 1.10795029 1.04592219
 1.11436699 1.11650589 1.11222809 1.12933929 1.1550061  1.11436699
 1.12078369 1.05447779 0.98175518 1.03950549 0.99031078 1.00314418
 0.93042158 1.00742198 0.94967168 0.84058777 0.91972708 0.79780977
 0.87694907 0.88978247 0.81492097 0.73792056 0.84058777 0.78069856
 0.70369816 0.66519796 0.68658696 0.65878125 0.68017026 0.58178085
 0.64380895 0.58605865 0.59889205 0.60958655 0.55183625 0.57108635
 0.55397515 0.51761384 0.52616944 0.51119714 0.53472504 0.48339144
 0.44489124 0.39355763 0.45772464 0.36361303 0.31441833 0.36575193
 0.29302932 0.32083503 0.27805702 0.30800163 0.26094582 0.22886232
 0.24169572 0.18180652 0.23314012 0.21602892 0.18394542 0.21175112
 0.16255641 0.14116741 0.09838941 0.08983381 0.08983381 0.07700041
 0.0513336  0.021389   0.0278057  0.0085556 ]",0.8945577461711652,0.3115660940048742,1.2167948242966247,1.1145338311549646,0.1656557510549592,0.9822456499633886,1.7973058985793164,9.867398187533256,1.6126077543261397,2.053486959664392,0.2733951912084674
example_dendrite\spine_2.off,"[1.50512266e+00 5.76708828e+00 5.65349411e+00 4.95882212e+00
 3.63719772e+00 3.29423073e+00 2.89446665e+00 2.57552920e+00
 2.59955873e+00 2.04251043e+00 2.06653997e+00 1.64274636e+00
 1.52915219e+00 1.44395657e+00 1.36749896e+00 1.31943989e+00
 1.19273871e+00 1.15560216e+00 1.24735129e+00 1.15341766e+00
 1.14904865e+00 1.16215567e+00 1.24079778e+00 1.23861328e+00
 1.22769076e+00 1.27574983e+00 1.18400070e+00 1.27138082e+00
 1.36531446e+00 1.37186797e+00 1.47672412e+00 1.40245101e+00
 1.37623697e+00 1.36312996e+00 1.31725539e+00 1.29322586e+00
 1.18618520e+00 1.16652467e+00 1.11191210e+00 1.08351355e+00
 1.03108548e+00 9.93948926e-01 9.65550386e-01 9.65550386e-01
 8.80354763e-01 9.67734889e-01 9.89579920e-01 8.23557682e-01
 8.58509732e-01 8.12635166e-01 7.79867619e-01 8.08266160e-01
 6.61904450e-01 6.29136903e-01 5.87631343e-01 5.48310287e-01
 6.72826966e-01 6.88118487e-01 5.92000350e-01 5.76708828e-01
 5.65786312e-01 5.41756777e-01 5.52679293e-01 5.30834262e-01
 4.32531621e-01 4.65299168e-01 4.84959696e-01 5.06804727e-01
 4.43454136e-01 4.30347118e-01 4.34716124e-01 3.42966992e-01
 3.62627520e-01 3.23306464e-01 3.36413483e-01 3.01461433e-01
 3.42966992e-01 2.94907923e-01 2.83985408e-01 2.16265810e-01
 1.85682766e-01 1.94420779e-01 1.66022238e-01 1.41992704e-01
 1.37623697e-01 9.39336348e-02 9.39336348e-02 1.04856150e-01
 7.64576097e-02 7.64576097e-02 9.61181379e-02 6.77195972e-02
 9.17491317e-02 5.24280752e-02 3.27675470e-02 1.52915219e-02
 1.52915219e-02 1.31070188e-02 2.18450313e-03 4.36900627e-03]",0.8644422044548962,0.34233519573680316,1.1820616168258478,1.3126903144790096,0.19181528176338394,0.7118879187658606,1.8073046620759667,8.710221964561315,1.3767943909857088,1.8776548306556422,0.36378739116691566
example_dendrite\spine_16.off,"[4.29733275e+00 8.67337123e+00 7.91080017e+00 6.78268474e+00
 5.14560560e+00 3.95102755e+00 3.51377350e+00 3.05728028e+00
 2.60078706e+00 2.22299956e+00 1.99038041e+00 1.63358111e+00
 1.71753389e+00 1.46392654e+00 1.48491474e+00 1.48666375e+00
 1.38172278e+00 1.35723655e+00 1.36423262e+00 1.40445999e+00
 1.33974639e+00 1.37297770e+00 1.38871885e+00 1.40271098e+00
 1.31875820e+00 1.26453870e+00 1.20682116e+00 1.14210756e+00
 1.13686052e+00 1.19632707e+00 9.70703979e-01 9.96939222e-01
 8.78006122e-01 8.48272847e-01 9.32225623e-01 9.14735461e-01
 8.39527766e-01 7.85308264e-01 7.57324005e-01 7.66069086e-01
 7.24092698e-01 7.13598601e-01 6.99606471e-01 6.08657630e-01
 6.26147792e-01 5.59685177e-01 5.03716659e-01 5.36947967e-01
 4.56493223e-01 4.49497158e-01 4.32006996e-01 3.76038478e-01
 4.16265850e-01 3.70791430e-01 4.25010931e-01 3.63795365e-01
 3.79536511e-01 3.35811106e-01 3.00830783e-01 3.02579799e-01
 2.99081767e-01 2.51858330e-01 2.64101443e-01 2.76344556e-01
 2.83340621e-01 2.50109314e-01 2.13379974e-01 2.02885877e-01
 2.44862265e-01 2.36117184e-01 2.25623087e-01 2.08132925e-01
 2.37866200e-01 2.16878006e-01 2.23874071e-01 1.74901618e-01
 1.80148666e-01 1.62658505e-01 1.29427197e-01 1.67905553e-01
 1.34674246e-01 1.48666375e-01 1.11937035e-01 1.29427197e-01
 1.13686052e-01 8.91998251e-02 6.64626148e-02 5.77175339e-02
 4.02273721e-02 3.49803236e-02 4.37254045e-02 3.32313074e-02
 2.09881941e-02 1.57411456e-02 8.74508089e-03 1.04940971e-02
 6.99606471e-03 1.74901618e-03 0.00000000e+00 1.74901618e-03]",0.824515591998469,0.4254292205336082,1.352073993716694,1.1197912694122085,0.16305071777408386,2.4224669018518035,2.4465230676849474,12.582208337141903,2.1848027704030555,4.070383452205756,0.8630438899776962
example_dendrite\spine_8.off,"[2.09439059e+00 7.79914190e+00 8.95280470e+00 6.69315112e+00
 5.93675512e+00 4.85301128e+00 3.65962180e+00 2.92388368e+00
 2.48847926e+00 2.30573653e+00 2.06260925e+00 1.56523121e+00
 1.48101065e+00 1.32210392e+00 1.16955347e+00 1.11393612e+00
 1.02177022e+00 1.20133482e+00 1.10440172e+00 1.15048467e+00
 1.11711425e+00 1.11393612e+00 1.21086922e+00 1.15843000e+00
 1.08692198e+00 1.01700302e+00 1.14253933e+00 9.99523280e-01
 1.04878436e+00 1.01382488e+00 9.45494994e-01 9.02590180e-01
 9.29604322e-01 8.58096297e-01 8.62863499e-01 9.20069919e-01
 8.50150961e-01 7.97711743e-01 8.29493088e-01 7.08723979e-01
 6.89655172e-01 7.38916256e-01 6.24503416e-01 6.30859685e-01
 6.34037820e-01 5.43460988e-01 5.03734308e-01 5.06912442e-01
 5.29159383e-01 5.25981249e-01 5.41871921e-01 4.83076434e-01
 4.62418560e-01 4.13157477e-01 4.70363896e-01 4.64007628e-01
 4.29048149e-01 4.75131098e-01 4.11568409e-01 4.29048149e-01
 4.19513745e-01 4.03623073e-01 3.68663594e-01 3.94088670e-01
 3.79787065e-01 3.78197998e-01 3.54361990e-01 3.51183855e-01
 3.67074527e-01 3.46416653e-01 3.41649452e-01 3.46416653e-01
 3.06689973e-01 3.06689973e-01 3.13046242e-01 2.86032099e-01
 2.81264898e-01 2.82853965e-01 2.65374225e-01 2.89210234e-01
 2.71730494e-01 2.62196091e-01 2.35181948e-01 2.30414747e-01
 1.95455268e-01 1.87509932e-01 1.66852058e-01 1.60495789e-01
 1.50961386e-01 9.05768314e-02 9.37549658e-02 7.94533609e-02
 6.19736215e-02 4.13157477e-02 2.54250755e-02 2.22469410e-02
 1.27125377e-02 6.35626887e-03 0.00000000e+00 3.17813444e-03]",0.6666085300764818,0.4333466340120782,1.5846643804719058,1.518410865657203,0.1850203426637957,1.408292987018678,2.6377997702275957,12.848516465662946,1.737210810254506,3.4618485866493605,0.9927625169119172
example_dendrite\spine_0.off,"[1.35612922e+00 4.83605366e+00 4.92807672e+00 3.86981159e+00
 3.00285756e+00 2.63718700e+00 2.24003487e+00 1.94217078e+00
 1.89615925e+00 1.73148641e+00 1.62735506e+00 1.58618686e+00
 1.56923524e+00 1.25199787e+00 1.15270984e+00 1.31496101e+00
 1.14786652e+00 1.14302320e+00 1.24473289e+00 1.19872136e+00
 1.21809464e+00 1.21082966e+00 1.22051630e+00 1.21809464e+00
 1.33917760e+00 1.28590110e+00 1.30769603e+00 1.42635734e+00
 1.51111542e+00 1.48205550e+00 1.56439192e+00 1.53533201e+00
 1.53775367e+00 1.52322371e+00 1.46994721e+00 1.50869376e+00
 1.41909236e+00 1.51838039e+00 1.30769603e+00 1.23020294e+00
 1.26652782e+00 1.27621446e+00 1.11396329e+00 1.14060154e+00
 1.21567298e+00 1.07763840e+00 1.12849324e+00 9.29917179e-01
 1.10427665e+00 1.00741028e+00 8.98435608e-01 9.05700586e-01
 8.79062334e-01 8.18520850e-01 7.53136049e-01 7.21654478e-01
 7.21654478e-01 7.16811159e-01 7.53136049e-01 6.70799632e-01
 6.12679808e-01 6.17523127e-01 6.78064610e-01 6.00571512e-01
 5.42451688e-01 5.13391776e-01 5.61824962e-01 5.10970117e-01
 4.98861820e-01 5.25500073e-01 4.60115271e-01 4.89175183e-01
 4.52850293e-01 4.01995447e-01 3.80200513e-01 3.43875624e-01
 3.48718942e-01 3.05129074e-01 2.76069163e-01 2.95442437e-01
 2.80912481e-01 1.86467768e-01 2.54274229e-01 1.50142878e-01
 1.42877900e-01 1.28347944e-01 1.35612922e-01 1.06553010e-01
 8.23364169e-02 1.11396329e-01 6.05414830e-02 5.56981644e-02
 5.32765051e-02 6.78064610e-02 4.11682085e-02 5.08548457e-02
 4.11682085e-02 1.45299559e-02 7.26497796e-03 2.42165932e-03]",0.8641411230656053,0.30672958330171585,1.1244465996905573,1.2568155710701736,0.19293612476171282,0.472785046979546,1.6486899012785772,8.072477813020383,1.3117993914371415,1.6202130247816022,0.23510731546122934
example_dendrite\spine_7.off,"[2.26779074e+00 5.74126569e+00 6.51621691e+00 5.62713986e+00
 5.31605493e+00 4.09748555e+00 3.22129367e+00 2.75006443e+00
 2.24017966e+00 1.99352060e+00 2.01929095e+00 1.90332438e+00
 1.57199131e+00 1.76526893e+00 1.45234326e+00 1.52045061e+00
 1.67139123e+00 1.44498030e+00 1.63825792e+00 1.50020248e+00
 1.45786548e+00 1.47995435e+00 1.37503221e+00 1.36030630e+00
 1.43025439e+00 1.29588043e+00 1.27747303e+00 1.23329529e+00
 1.30692486e+00 1.23881751e+00 1.22409160e+00 1.18727681e+00
 1.02529176e+00 9.77432537e-01 8.89077053e-01 9.03802967e-01
 9.66388101e-01 9.24051099e-01 8.54103008e-01 8.09925266e-01
 8.30173398e-01 7.19729043e-01 7.58384567e-01 7.74951220e-01
 7.65747524e-01 7.28932739e-01 7.56543828e-01 6.82914258e-01
 6.25851342e-01 6.53462431e-01 6.44258734e-01 6.71869823e-01
 5.57743990e-01 6.09284689e-01 5.72469904e-01 5.22769944e-01
 5.61425468e-01 4.93318117e-01 4.96999595e-01 4.91477377e-01
 4.41777418e-01 4.52821853e-01 4.16007068e-01 4.04962633e-01
 4.03121894e-01 3.71829327e-01 3.29492324e-01 3.92077458e-01
 2.74270147e-01 3.51581195e-01 2.65066451e-01 2.90836800e-01
 3.05562714e-01 2.33773884e-01 2.35614623e-01 2.55862754e-01
 2.19047970e-01 1.95118360e-01 2.13525752e-01 2.24570187e-01
 1.65666532e-01 1.63825792e-01 1.47259139e-01 1.67507271e-01
 1.49099879e-01 9.75591798e-02 9.93999190e-02 8.09925266e-02
 8.28332658e-02 4.23370025e-02 3.49740456e-02 2.02481316e-02
 1.47259139e-02 3.12925671e-02 1.10444354e-02 3.68147848e-03
 1.47259139e-02 0.00000000e+00 0.00000000e+00 1.84073924e-03]",0.8527597866885952,0.3360526157976023,1.006495198645659,2.4984577696400656,0.22813409105007576,1.1040563062898854,1.5853090931449603,5.844966901280538,0.634515064616579,1.099205608453933,0.7323554155773345
example_dendrite\spine_13.off,"[3.85976198e-01 3.54883671e+00 4.73535613e+00 5.08380687e+00
 3.61137915e+00 3.56134520e+00 2.82334441e+00 2.51599300e+00
 2.30513563e+00 2.21578929e+00 2.24616704e+00 2.43379436e+00
 2.26761016e+00 2.39269504e+00 2.32121797e+00 2.23187163e+00
 2.16575533e+00 2.13180372e+00 2.03888353e+00 2.07283514e+00
 1.94417641e+00 1.87269933e+00 1.67613738e+00 1.61002109e+00
 1.66362889e+00 1.63146421e+00 1.50280548e+00 1.30266967e+00
 1.41345913e+00 1.40452450e+00 1.30981738e+00 1.22761874e+00
 1.19902791e+00 1.14899396e+00 1.14720703e+00 1.15435474e+00
 1.02748293e+00 9.79235910e-01 8.98824202e-01 8.64872592e-01
 8.66659519e-01 8.97037275e-01 8.82741861e-01 8.50577177e-01
 7.91608592e-01 7.77313177e-01 7.07623030e-01 7.14770737e-01
 6.91540688e-01 6.73671420e-01 6.45080590e-01 6.54015225e-01
 5.87898931e-01 5.68242736e-01 5.16421858e-01 5.23569565e-01
 4.89617955e-01 4.52092491e-01 3.82402344e-01 4.02058540e-01
 3.46663808e-01 3.89550052e-01 3.05564490e-01 3.89550052e-01
 3.12712198e-01 3.57385369e-01 3.16286051e-01 3.10925271e-01
 2.21578929e-01 2.71612880e-01 2.59104392e-01 2.93056002e-01
 2.18005075e-01 2.28726636e-01 2.25152782e-01 2.03709660e-01
 2.16218148e-01 2.14431221e-01 1.67971123e-01 1.82266538e-01
 1.85840392e-01 1.78692684e-01 1.35806440e-01 1.35806440e-01
 1.05428684e-01 1.25084879e-01 1.05428684e-01 8.39855616e-02
 8.57724885e-02 6.96901469e-02 5.71816590e-02 4.82470248e-02
 1.96561953e-02 2.85908295e-02 2.32300490e-02 2.14431221e-02
 1.78692684e-03 7.14770737e-03 3.57385369e-03 3.57385369e-03]",0.660444494261467,0.3774470595038453,1.173288431624977,2.082332082041597,0.2238758913613014,0.5044881202191104,1.7937910660833378,7.507947051679028,0.8614337172986535,1.4318918417893163,0.6622194058987462
example_dendrite\spine_20.off,"[1.23363735e+00 4.21597447e+00 4.33406196e+00 3.76623703e+00
 3.38433708e+00 2.46476219e+00 2.19341223e+00 1.87181227e+00
 1.71352479e+00 1.54267481e+00 1.46227482e+00 1.35926233e+00
 1.34921233e+00 1.19092485e+00 1.11303736e+00 1.09042486e+00
 1.17584985e+00 1.24117484e+00 1.18841235e+00 1.19594985e+00
 1.25373734e+00 1.24117484e+00 1.33162483e+00 1.36428733e+00
 1.49744981e+00 1.50749981e+00 1.63563730e+00 1.48991231e+00
 1.57533730e+00 1.62809980e+00 1.70347479e+00 1.68086229e+00
 1.69342479e+00 1.61553730e+00 1.66076229e+00 1.67834979e+00
 1.53262481e+00 1.50498731e+00 1.58538730e+00 1.36679983e+00
 1.42207482e+00 1.30398734e+00 1.35423733e+00 1.21604985e+00
 1.14821236e+00 1.22861235e+00 1.09042486e+00 1.05022487e+00
 1.01756237e+00 8.19074898e-01 9.67312379e-01 9.42187382e-01
 9.24599884e-01 8.06512399e-01 8.21587397e-01 7.73849903e-01
 8.11537399e-01 7.08524911e-01 7.00987412e-01 7.31137409e-01
 6.40687420e-01 6.35662421e-01 5.95462426e-01 6.02999925e-01
 5.40187432e-01 4.92449938e-01 4.84912439e-01 4.44712444e-01
 4.69837441e-01 4.89937439e-01 4.54762443e-01 5.05012437e-01
 4.62299942e-01 3.64312454e-01 3.89437451e-01 3.91949951e-01
 3.11549961e-01 3.39187458e-01 3.09037461e-01 2.63812467e-01
 2.31149971e-01 1.88437476e-01 1.85924977e-01 1.75874978e-01
 1.03012487e-01 9.04499887e-02 1.03012487e-01 7.78874903e-02
 5.27624934e-02 4.27124947e-02 1.00499987e-02 1.50749981e-02
 2.00999975e-02 2.00999975e-02 5.02499937e-03 2.51249969e-03
 2.51249969e-03 5.02499937e-03 2.51249969e-03 5.02499937e-03]",0.9853952276743677,0.40318354782995025,0.8502462768572838,2.1793878794924257,0.2840807004860931,0.8567547241122833,1.4693421049150592,4.315515347036001,0.6741994478088341,0.7777084707225,0.15352878625171373
example_dendrite\spine_4.off,"[2.53915408e+00 7.56822658e+00 5.37841133e+00 4.31398293e+00
 3.41132889e+00 2.46647285e+00 2.41254806e+00 1.98818344e+00
 1.70449217e+00 1.62243271e+00 1.36922067e+00 1.32232955e+00
 1.18165619e+00 1.11600863e+00 1.04332739e+00 9.75335271e-01
 1.00581450e+00 9.77679827e-01 9.89402607e-01 1.04567195e+00
 1.11366407e+00 1.18165619e+00 1.23558098e+00 1.17462253e+00
 1.26137110e+00 1.20979087e+00 1.47003658e+00 1.42549001e+00
 1.43486824e+00 1.53099503e+00 1.53333959e+00 1.73966051e+00
 1.75607240e+00 1.79358529e+00 1.75607240e+00 1.49113758e+00
 1.53333959e+00 1.32701866e+00 1.26606021e+00 1.25902654e+00
 1.26840476e+00 1.17696708e+00 1.13710963e+00 9.56578824e-01
 1.02222639e+00 9.42511488e-01 9.65957048e-01 8.11216356e-01
 8.79208478e-01 9.21410485e-01 8.34661915e-01 8.13560912e-01
 7.29156898e-01 7.52602457e-01 6.70542999e-01 7.05711338e-01
 7.36190566e-01 7.05711338e-01 6.35374660e-01 6.42408328e-01
 6.04895433e-01 5.90828097e-01 5.81449873e-01 5.83794429e-01
 6.23651880e-01 5.74416206e-01 5.53315202e-01 4.59532964e-01
 4.45465629e-01 4.97045860e-01 3.77473507e-01 3.98574510e-01
 3.51683391e-01 3.51683391e-01 3.14170496e-01 2.90724937e-01
 2.62590265e-01 2.50867486e-01 2.50867486e-01 2.18043703e-01
 2.15699147e-01 1.66463472e-01 1.54740692e-01 1.17227797e-01
 9.14376817e-02 1.07849573e-01 7.03366782e-02 6.09584545e-02
 4.92356748e-02 3.28237832e-02 2.81346713e-02 2.81346713e-02
 1.87564475e-02 1.87564475e-02 2.34455594e-03 1.17227797e-02
 0.00000000e+00 2.34455594e-03 2.34455594e-03 7.03366782e-03]",0.795942863144782,0.5401531587354093,1.0987073589414333,1.844797226130808,0.2819347404351755,1.1339970005644986,2.097799404044838,6.306729888242519,1.1371436244213489,1.3266302440996682,0.16663384959375052
example_dendrite\spine_3.off,"[1.47050287e+00 5.91296945e+00 6.60758857e+00 5.44860012e+00
 4.85459435e+00 3.78074028e+00 2.88876420e+00 2.47083180e+00
 2.20768918e+00 1.86134706e+00 1.75492909e+00 1.81104038e+00
 1.73558036e+00 1.58272546e+00 1.55370238e+00 1.48017723e+00
 1.51113519e+00 1.33312695e+00 1.31377822e+00 1.19575102e+00
 1.17833717e+00 1.01967765e+00 1.06030997e+00 9.46152507e-01
 9.46152507e-01 1.00419867e+00 9.59696612e-01 9.96459184e-01
 9.79045334e-01 9.42282762e-01 9.86784823e-01 9.90654567e-01
 9.77110462e-01 1.00032893e+00 8.93910957e-01 8.72627363e-01
 9.15194551e-01 8.04906836e-01 8.06841708e-01 8.28125302e-01
 8.35864791e-01 8.45539152e-01 8.39734536e-01 8.28125302e-01
 8.22320686e-01 9.11324807e-01 9.01650446e-01 8.02971964e-01
 7.85558114e-01 7.58469903e-01 7.60404775e-01 7.58469903e-01
 7.37186309e-01 7.15902715e-01 7.08163226e-01 7.08163226e-01
 6.90749376e-01 6.94619120e-01 6.71400654e-01 6.92684248e-01
 6.48182188e-01 7.25577076e-01 6.38507827e-01 6.23028849e-01
 6.48182188e-01 5.59178066e-01 6.07549871e-01 5.63047811e-01
 5.70787299e-01 5.76591916e-01 5.35959600e-01 5.35959600e-01
 4.93392411e-01 4.70173945e-01 4.43085734e-01 4.99197028e-01
 3.85039568e-01 3.61821102e-01 3.67625718e-01 3.11514424e-01
 2.76686725e-01 2.53468258e-01 2.12835942e-01 2.08966198e-01
 1.76073370e-01 1.89617476e-01 1.25766693e-01 1.62529265e-01
 9.67436101e-02 1.12222588e-01 6.57856549e-02 6.19159105e-02
 4.25671884e-02 4.45020606e-02 1.54789776e-02 1.93487220e-02
 1.93487220e-03 7.73948881e-03 1.93487220e-03 5.80461661e-03]",0.7414776977560555,0.3768984928647045,1.2670166046447073,1.1624472273951245,0.1741561744399526,1.2857669173507214,2.0495056906448723,10.482438816586793,1.7630956849865065,2.7673023122382934,0.5695701236200759
example_dendrite\spine_14.off,"[1.10141418e+00 5.15730885e+00 6.59166961e+00 5.91232407e+00
 4.65452589e+00 3.62541829e+00 3.61196590e+00 3.16299248e+00
 3.09573055e+00 2.44833443e+00 2.54922733e+00 2.35584927e+00
 2.23309624e+00 2.27849804e+00 2.17424204e+00 2.32558140e+00
 1.95900385e+00 1.94218837e+00 1.92369133e+00 1.60587869e+00
 1.77067043e+00 1.84802166e+00 1.66977753e+00 1.52852747e+00
 1.42763457e+00 1.51171198e+00 1.30992618e+00 1.20062554e+00
 1.19221779e+00 1.03078915e+00 1.10141418e+00 9.55119474e-01
 9.71934958e-01 9.18125410e-01 7.98735476e-01 8.44137282e-01
 9.11399216e-01 8.86175991e-01 8.07143217e-01 8.12187863e-01
 7.56696766e-01 8.13869411e-01 7.43244379e-01 8.15550959e-01
 6.67574703e-01 7.01205670e-01 5.85178833e-01 6.42351477e-01
 6.35625284e-01 6.13765155e-01 6.13765155e-01 5.48184769e-01
 5.66681801e-01 4.97738317e-01 4.82604382e-01 4.65788898e-01
 4.00208512e-01 4.01890060e-01 4.35521028e-01 3.49762061e-01
 3.56488254e-01 3.00997158e-01 3.06041803e-01 3.04360255e-01
 2.64003094e-01 2.42142965e-01 2.47187610e-01 2.13556643e-01
 1.95059611e-01 1.49657805e-01 2.00104256e-01 1.63110192e-01
 1.78244127e-01 1.36205418e-01 1.54702450e-01 8.23958701e-02
 6.89434832e-02 7.06250315e-02 6.05357413e-02 5.38095478e-02
 5.04464511e-02 4.03571609e-02 2.85863223e-02 4.03571609e-02
 2.52232255e-02 2.01785804e-02 2.69047739e-02 1.00892902e-02
 2.35416772e-02 1.00892902e-02 1.00892902e-02 3.36309674e-03
 5.04464511e-03 5.04464511e-03 3.36309674e-03 0.00000000e+00
 1.68154837e-03 1.68154837e-03 1.68154837e-03 1.68154837e-03]",0.6508156964461334,0.36952516161657883,1.1310272408011406,3.261494330623931,0.2542924368653239,0.6663758837728145,1.7735728224549296,6.308164312223001,0.5437914779743436,0.9602446725936641,0.7658325139088866
example_dendrite\spine_1.off,"[1.38933039e+00 4.83554292e+00 6.32771742e+00 6.31275828e+00
 5.45260757e+00 4.28579442e+00 4.09506535e+00 2.86654575e+00
 2.56549300e+00 2.21208325e+00 2.29622843e+00 1.90355093e+00
 1.90729071e+00 1.78574768e+00 1.68103368e+00 1.65672507e+00
 1.60249818e+00 1.46599600e+00 1.57257989e+00 1.51835300e+00
 1.36689168e+00 1.32949382e+00 1.42672825e+00 1.32388414e+00
 1.29583575e+00 1.28835618e+00 1.27152714e+00 1.17055293e+00
 1.14811421e+00 1.11071636e+00 1.02470128e+00 1.03405075e+00
 9.96652892e-01 9.94782999e-01 9.74214178e-01 8.90068999e-01
 9.23727070e-01 8.91938892e-01 8.76979749e-01 8.19013071e-01
 7.61046392e-01 7.68525963e-01 7.79745321e-01 7.36737785e-01
 7.72265749e-01 6.84380785e-01 7.59176499e-01 7.49827035e-01
 6.76901214e-01 7.16168964e-01 7.23648535e-01 7.03079714e-01
 6.76901214e-01 6.56332392e-01 6.56332392e-01 6.37633464e-01
 5.59097964e-01 5.53488285e-01 5.51618392e-01 4.91781821e-01
 4.80562464e-01 4.59993642e-01 4.39424821e-01 4.69343107e-01
 3.98287178e-01 3.60889321e-01 3.77718357e-01 3.06662428e-01
 3.38450607e-01 3.30971035e-01 2.59915107e-01 2.86093607e-01
 2.13167785e-01 1.88859178e-01 1.90729071e-01 2.11297893e-01
 1.88859178e-01 1.51461321e-01 1.15933357e-01 1.02844107e-01
 1.02844107e-01 1.02844107e-01 8.41451785e-02 6.17064642e-02
 5.60967857e-02 3.92677500e-02 4.48774285e-02 2.05688214e-02
 2.80483928e-02 2.24387143e-02 1.12193571e-02 1.49591428e-02
 1.12193571e-02 5.60967857e-03 0.00000000e+00 7.47957142e-03
 1.86989286e-03 1.86989286e-03 1.86989286e-03 3.73978571e-03]",0.769687967999928,0.35804507369461597,0.8116191198604389,5.018923639630925,0.33777940305550647,0.5059588579996771,1.343215411223274,3.4706465805579443,0.2676301748480177,0.42308879019367074,0.5808710300844632
example_dendrite\spine_21.off,"[1.05559992 3.78319026 3.94539828 3.27909762 3.26162907 2.88480735
 2.76003194 2.60531044 2.24595728 2.11868636 2.09622679 1.86913556
 1.81672989 1.88660411 1.83918946 1.74436015 1.67199042 1.72190058
 1.66949491 1.69195448 1.6669994  1.59962068 1.45488121 1.61209822
 1.52725095 1.65452186 1.54721501 1.51477341 1.2976642  1.45737672
 1.45488121 1.3575564  1.45488121 1.34757437 1.27770014 1.22529447
 1.17538431 1.21531244 1.22030345 1.10800559 1.03064484 1.04062687
 1.0181673  0.92084248 0.9582751  0.99820323 0.8634458  0.83849072
 0.81852665 0.85595927 0.74366141 0.75114793 0.68876023 0.77859852
 0.79606708 0.62387702 0.69125574 0.62387702 0.61389499 0.58145338
 0.63885007 0.57396686 0.50409263 0.5564983  0.56648034 0.51407467
 0.42922739 0.48412857 0.41674985 0.38181274 0.38430825 0.35186664
 0.34438012 0.31193851 0.28947894 0.24455979 0.2770014  0.23457776
 0.23956878 0.22210022 0.21211819 0.16220803 0.16220803 0.14473947
 0.11229786 0.14723498 0.12727091 0.09732482 0.08734278 0.09732482
 0.08235177 0.04741465 0.05739669 0.0299461  0.03743262 0.03992813
 0.01247754 0.00998203 0.00748652 0.00748652]",0.8974361652516554,0.38047770361893274,0.7136622339166613,7.075453836102353,0.4494739735928454,0.3846964586832359,1.1858789713948856,2.2536742614624212,0.16760465107467218,0.20547815489398605,0.22596928889783763
example_dendrite\spine_5.off,"[6.55510675e-01 3.08136180e+00 5.05712637e+00 3.99076746e+00
 3.78765147e+00 3.18522793e+00 2.49740335e+00 2.25043278e+00
 1.70109636e+00 1.32256203e+00 1.47951529e+00 1.42873630e+00
 1.31563762e+00 1.19561454e+00 1.44027698e+00 1.27639931e+00
 1.66647432e+00 1.43104443e+00 1.37103289e+00 1.27639931e+00
 1.44950952e+00 1.34333526e+00 1.34795153e+00 1.32025389e+00
 1.25793422e+00 1.29717253e+00 1.25331795e+00 1.41719561e+00
 1.41719561e+00 1.37564916e+00 1.40565493e+00 1.32717830e+00
 1.32717830e+00 1.48413156e+00 1.31794576e+00 1.39642239e+00
 1.39180612e+00 1.41027121e+00 1.24870167e+00 1.39642239e+00
 1.28793999e+00 1.30871321e+00 1.26947490e+00 1.21177149e+00
 1.21407963e+00 1.12175418e+00 1.09867282e+00 1.18176572e+00
 1.09636469e+00 9.41719561e-01 9.80957877e-01 9.60184651e-01
 8.90940565e-01 8.72475476e-01 8.84016157e-01 7.61684939e-01
 8.49394114e-01 7.66301212e-01 7.75533756e-01 7.38603578e-01
 6.20888632e-01 7.01673399e-01 5.90882862e-01 6.07039815e-01
 5.53952683e-01 5.81650317e-01 5.21638777e-01 5.49336411e-01
 4.70859781e-01 4.66243508e-01 3.50836699e-01 4.31621466e-01
 3.53144836e-01 3.30063474e-01 3.09290248e-01 3.34679746e-01
 2.49278707e-01 3.16214657e-01 2.86208886e-01 2.42354299e-01
 2.67743797e-01 2.19272937e-01 2.03115984e-01 2.21581073e-01
 1.61569533e-01 1.54645124e-01 1.52336988e-01 1.40796307e-01
 1.29255626e-01 1.22331218e-01 1.06174264e-01 9.23254472e-02
 9.00173110e-02 8.07847663e-02 4.84708598e-02 4.61627236e-02
 4.84708598e-02 1.84650894e-02 1.61569533e-02 4.61627236e-03]",0.7086007466358129,0.40606048411736767,1.0948530537835017,2.0450763558218994,0.24594267549393034,0.35390138373095376,1.7489388286967034,6.757263139401452,0.8551948799945023,1.170978338971831,0.36925321510268944
example_dendrite\spine_12.off,"[3.30406612e+00 1.04552064e+01 7.80643142e+00 5.73931931e+00
 4.26123290e+00 3.37585363e+00 2.50151858e+00 2.17755444e+00
 1.96219191e+00 1.70817457e+00 1.68240470e+00 1.46888288e+00
 1.38421043e+00 1.29033446e+00 1.27744952e+00 1.15412226e+00
 1.06576840e+00 1.12283027e+00 1.13755591e+00 1.08969757e+00
 1.08785687e+00 1.06576840e+00 9.84777367e-01 9.86618072e-01
 1.02711359e+00 1.00502513e+00 1.05840558e+00 9.22193385e-01
 9.38759733e-01 9.47963260e-01 9.05627036e-01 9.95821599e-01
 9.18511974e-01 8.37520938e-01 8.90901393e-01 8.54087286e-01
 7.97025420e-01 7.82299777e-01 7.38122849e-01 7.69414840e-01
 7.19715795e-01 7.14193679e-01 7.23397206e-01 7.38122849e-01
 7.32600733e-01 6.60813224e-01 7.52848492e-01 7.08671563e-01
 7.36282143e-01 7.60211313e-01 7.67574134e-01 7.10512268e-01
 7.16034384e-01 6.84742393e-01 6.75538866e-01 7.17875090e-01
 6.03751358e-01 6.25839822e-01 6.31361938e-01 5.72459366e-01
 6.11114179e-01 5.57733724e-01 5.41167375e-01 5.50370902e-01
 5.48530197e-01 5.59574429e-01 5.17238206e-01 5.68777956e-01
 4.91468331e-01 5.44848786e-01 5.61415134e-01 5.43008081e-01
 4.69379866e-01 4.67539161e-01 4.89627625e-01 4.25202938e-01
 4.36247170e-01 3.35008375e-01 3.44211902e-01 3.35008375e-01
 2.94512857e-01 2.59539456e-01 2.44813813e-01 1.69344893e-01
 1.63822777e-01 1.03079500e-01 9.01945626e-02 6.99468036e-02
 9.38759733e-02 5.52211607e-02 3.31326964e-02 3.12919911e-02
 2.57698750e-02 1.10442321e-02 3.68141072e-03 9.20352679e-03
 5.52211607e-03 1.84070536e-03 3.68141072e-03 1.84070536e-03]",0.896219182552767,0.2759552284286097,1.5307894451978608,0.5159672924398804,0.10691124227264323,3.6124313652464513,2.15220175712768,16.51830242268552,4.171198036508198,5.991977963490791,0.4365124626177682
example_dendrite\spine_10.off,"[2.07613871e+00 6.12828739e+00 5.43964689e+00 5.11065247e+00
 4.38931688e+00 3.44933282e+00 3.10399085e+00 2.64012915e+00
 2.20896254e+00 2.09657315e+00 1.87383779e+00 1.81049104e+00
 1.56936469e+00 1.53666960e+00 1.38954166e+00 1.37319411e+00
 1.25671782e+00 1.36502033e+00 1.26080471e+00 1.37932444e+00
 1.38954166e+00 1.25263093e+00 1.22810961e+00 1.20563173e+00
 1.21380551e+00 1.40180232e+00 1.33845557e+00 1.26080471e+00
 1.32619490e+00 1.33028179e+00 1.27306537e+00 1.28736948e+00
 1.18111041e+00 1.27306537e+00 1.15658908e+00 1.08302511e+00
 1.09732922e+00 1.08302511e+00 9.37940618e-01 1.09119889e+00
 9.80852933e-01 1.00333081e+00 1.05441690e+00 9.99243926e-01
 8.52115986e-01 8.72550422e-01 8.76637309e-01 7.76508572e-01
 8.64376648e-01 7.68334798e-01 7.90812678e-01 7.29509369e-01
 6.74336392e-01 7.04988046e-01 6.68206061e-01 6.53901956e-01
 6.17119971e-01 5.88511760e-01 6.08946196e-01 5.27208452e-01
 5.33338783e-01 4.57731369e-01 5.27208452e-01 4.96556798e-01
 4.65905143e-01 4.16862497e-01 4.04601835e-01 3.86210843e-01
 4.10732166e-01 3.55559188e-01 3.14690316e-01 3.22864091e-01
 3.31037865e-01 2.88125549e-01 3.20820647e-01 2.69734557e-01
 2.92212436e-01 2.63604226e-01 2.47256677e-01 2.53387008e-01
 2.04344361e-01 1.90040256e-01 1.49171384e-01 1.51214827e-01
 1.02172181e-01 7.96943008e-02 6.53901956e-02 5.51729775e-02
 3.06516542e-02 3.88254286e-02 2.04344361e-02 3.26950978e-02
 1.02172181e-02 1.02172181e-02 2.04344361e-03 6.13033083e-03
 4.08688722e-03 2.04344361e-03 4.08688722e-03 2.04344361e-03]",0.9287230889073748,0.27364109317813146,1.021821687536015,1.236043556872458,0.1654433126728964,1.1964850079208131,1.452964680181172,7.585765883379205,1.1754963424246847,1.7509193144406767,0.4895148978763071
example_dendrite\spine_17.off,"[1.10772574e+00 4.70724391e+00 5.44415314e+00 4.41436973e+00
 3.16965446e+00 2.50123999e+00 2.38786934e+00 1.76196887e+00
 1.75960698e+00 1.48326602e+00 1.52341813e+00 1.49979924e+00
 1.33919082e+00 1.47145658e+00 1.37698103e+00 1.15260162e+00
 1.28250549e+00 1.34863837e+00 1.29667682e+00 1.12662085e+00
 1.29431493e+00 1.29667682e+00 1.20928695e+00 1.34863837e+00
 1.31084815e+00 1.41004747e+00 1.27305794e+00 1.45256147e+00
 1.36517159e+00 1.39115237e+00 1.48562791e+00 1.48798980e+00
 1.45256147e+00 1.39823803e+00 1.39823803e+00 1.30612438e+00
 1.26597227e+00 1.25180094e+00 1.32265760e+00 1.24707716e+00
 1.27778171e+00 1.18330617e+00 1.02269775e+00 1.08410685e+00
 1.03214530e+00 1.10300196e+00 1.13134462e+00 1.05812608e+00
 9.77821866e-01 8.90431989e-01 1.00852642e+00 9.32945984e-01
 9.73098089e-01 9.89631309e-01 8.83346324e-01 9.51841092e-01
 7.98318335e-01 8.19575332e-01 7.36909233e-01 7.43994898e-01
 6.89671461e-01 6.99119016e-01 7.03842793e-01 5.78662699e-01
 6.35348024e-01 5.62129479e-01 5.71577033e-01 5.43234370e-01
 4.91272822e-01 5.26701150e-01 4.98358487e-01 4.53482605e-01
 4.86549045e-01 4.08606722e-01 3.56645173e-01 3.84987836e-01
 3.84987836e-01 3.18854956e-01 3.18854956e-01 2.83426628e-01
 2.12569971e-01 1.84227308e-01 1.93674862e-01 1.72417865e-01
 1.39351425e-01 1.06284985e-01 7.32185455e-02 5.90472142e-02
 5.43234370e-02 4.25139942e-02 3.77902171e-02 3.07045514e-02
 2.36188857e-02 1.88951085e-02 9.44755426e-03 7.08566570e-03
 4.72377713e-03 0.00000000e+00 7.08566570e-03 4.72377713e-03]",0.7610334693195759,0.32208815090684684,1.1333718009589402,1.5273940228297,0.21952562768531678,0.38572308447942805,1.658552155104334,7.169441078320814,1.085870528700673,1.349435618017333,0.24272238941049068
example_dendrite\spine_11.off,"[2.48965628e+00 6.76505884e+00 6.73281868e+00 5.93218821e+00
 4.96498361e+00 4.62467088e+00 3.91717863e+00 3.22222421e+00
 3.30640683e+00 2.80847558e+00 2.47174509e+00 2.44846053e+00
 2.40547366e+00 2.17800147e+00 2.10993892e+00 1.96306711e+00
 1.85380882e+00 1.88425785e+00 1.70156365e+00 1.71768372e+00
 1.51528721e+00 1.55469184e+00 1.48662929e+00 1.37557987e+00
 1.22512583e+00 1.20005015e+00 1.21437911e+00 1.15527216e+00
 1.13915208e+00 1.03168491e+00 1.04243162e+00 9.86906916e-01
 9.34964446e-01 8.66901900e-01 8.91977575e-01 8.57946302e-01
 7.98839354e-01 8.14959431e-01 7.25403450e-01 7.14656732e-01
 7.66599201e-01 7.30776809e-01 7.03910014e-01 6.25100750e-01
 5.89278358e-01 5.24798051e-01 5.05095735e-01 5.64202683e-01
 5.33753649e-01 4.83602300e-01 4.31659831e-01 4.08375275e-01
 4.15539754e-01 4.01210797e-01 3.61806165e-01 3.49268328e-01
 3.42103849e-01 2.95534739e-01 2.54338987e-01 3.18819294e-01
 2.11352116e-01 2.32845552e-01 2.23889954e-01 2.14934355e-01
 1.88067561e-01 1.66574125e-01 1.86276441e-01 1.50454049e-01
 1.18213896e-01 1.14631656e-01 9.49293403e-02 9.67204600e-02
 1.05676058e-01 8.95559814e-02 1.03884938e-01 1.03884938e-01
 1.05676058e-01 6.98536655e-02 7.88092637e-02 7.52270244e-02
 6.80625459e-02 6.08980674e-02 6.08980674e-02 5.37335889e-02
 5.01513496e-02 3.58223926e-02 3.76135122e-02 5.01513496e-02
 4.29868711e-02 2.50756748e-02 2.68667944e-02 2.50756748e-02
 4.29868711e-02 1.97023159e-02 1.07467178e-02 7.16447852e-03
 7.16447852e-03 3.58223926e-03 1.79111963e-03 1.79111963e-03]",0.6176155574900214,0.47967796488675374,1.0163161237938036,7.525827157889154,0.4342695095199539,0.9173779968956651,1.8073410664126561,3.2444179081645586,0.2401518170023426,0.44693446133133574,0.8610496764510263
example_dendrite\spine_9.off,"[1.71284252e+00 6.48677389e+00 6.38233228e+00 4.76443668e+00
 4.24602647e+00 3.54152029e+00 3.13134958e+00 2.79903534e+00
 2.54077970e+00 2.55407227e+00 2.36607736e+00 2.26733256e+00
 2.02996525e+00 1.96540134e+00 1.74702341e+00 1.72613509e+00
 1.52294867e+00 1.53434230e+00 1.37483147e+00 1.54573593e+00
 1.45458689e+00 1.37103359e+00 1.51155504e+00 1.38242722e+00
 1.34254951e+00 1.42610281e+00 1.34634739e+00 1.38812404e+00
 1.43559750e+00 1.45648582e+00 1.32925695e+00 1.19063444e+00
 1.13366628e+00 1.02542679e+00 9.70357570e-01 9.72256509e-01
 9.17187292e-01 8.67814891e-01 7.99453106e-01 8.01352044e-01
 7.67171151e-01 7.67171151e-01 7.93756290e-01 7.17798750e-01
 6.85516796e-01 6.87415735e-01 7.46282828e-01 6.28548641e-01
 5.58287917e-01 6.39942272e-01 5.29803840e-01 5.71580487e-01
 5.18410209e-01 5.39298532e-01 4.89926131e-01 5.33601717e-01
 4.91825070e-01 4.21564346e-01 4.55745238e-01 4.67138869e-01
 4.63340992e-01 4.13968592e-01 4.23463284e-01 4.21564346e-01
 4.00676022e-01 4.38654792e-01 3.68394068e-01 3.75989822e-01
 3.41808929e-01 3.15223790e-01 2.88638651e-01 2.98133343e-01
 3.01931220e-01 3.17122728e-01 2.98133343e-01 2.46862004e-01
 1.99388542e-01 2.54457758e-01 2.10782173e-01 1.69005526e-01
 1.82298095e-01 1.36723572e-01 1.38622510e-01 1.04441617e-01
 1.12037371e-01 9.68458632e-02 7.59575397e-02 3.41808929e-02
 4.17766469e-02 3.41808929e-02 3.98777084e-02 2.08883234e-02
 1.70904464e-02 9.49469247e-03 1.51915079e-02 1.32925695e-02
 5.69681548e-03 0.00000000e+00 0.00000000e+00 1.89893849e-03]",0.7961629420588038,0.30997573128575895,1.2130855316415214,1.3149904753116346,0.16308949204422452,0.5375043293257133,1.764122348711788,10.279393354268862,1.341547624741324,2.4102596040613515,0.7966261947100801
example_dendrite\spine_19.off,"[1.96954853e+00 2.22058944e+00 4.38403135e+00 3.89827741e+00
 3.38803168e+00 2.94105641e+00 3.07984325e+00 2.56143359e+00
 2.47775329e+00 2.63286799e+00 2.41040085e+00 2.44917952e+00
 2.79002368e+00 2.99616295e+00 3.17985142e+00 2.94922034e+00
 2.87982692e+00 2.73491714e+00 2.59817128e+00 2.58388440e+00
 2.17160585e+00 2.05118785e+00 1.95934362e+00 1.80422892e+00
 1.54094212e+00 1.51645032e+00 1.51849131e+00 1.34092579e+00
 1.38786840e+00 1.14090946e+00 1.15927831e+00 1.17152421e+00
 1.18172912e+00 1.04090130e+00 9.30688219e-01 9.28647237e-01
 8.16393175e-01 8.89868561e-01 8.28639073e-01 7.51081721e-01
 8.00065311e-01 7.93942363e-01 7.16385011e-01 7.73532533e-01
 6.24540779e-01 6.24540779e-01 6.00048984e-01 5.44942444e-01
 5.28614581e-01 5.06163768e-01 5.24532615e-01 4.67385093e-01
 4.85753939e-01 4.85753939e-01 4.65344110e-01 4.46975263e-01
 4.20442485e-01 4.06155605e-01 3.69417912e-01 3.95950690e-01
 3.32680219e-01 3.28598253e-01 3.83704792e-01 3.20434321e-01
 2.79614662e-01 2.65327782e-01 3.04106458e-01 2.65327782e-01
 2.57163850e-01 2.10221243e-01 2.00016328e-01 2.00016328e-01
 1.97975345e-01 2.16344191e-01 2.00016328e-01 1.65319618e-01
 1.51032737e-01 1.55114703e-01 1.32663891e-01 1.20417993e-01
 1.18377010e-01 1.30622908e-01 1.00008164e-01 8.36803004e-02
 8.57212834e-02 7.14344028e-02 7.95983346e-02 5.91885052e-02
 8.16393175e-02 5.51065393e-02 5.10245734e-02 3.06147441e-02
 3.46967099e-02 3.46967099e-02 2.04098294e-02 1.22458976e-02
 4.08196587e-03 8.16393175e-03 1.02049147e-02 6.12294881e-03]",0.8910131554487722,0.29830098232076213,0.8060790530542682,3.6487532639854328,0.2607775867706922,0.5800548748878759,1.203023930534605,4.0331634059931885,0.329708216340333,0.5695725176360031,0.7275047736392358
example_dendrite\spine_6.off,"[3.80004524 7.74259217 6.19769283 5.05315539 3.73218729 2.76634246
 2.41348111 1.86835558 1.79597376 1.52228003 1.3345397  1.04048858
 1.21239539 1.14679937 1.12644198 1.13096584 1.13775164 1.29382493
 1.23727663 1.33001583 1.40013572 1.31870618 1.39108799 1.35037322
 1.28251527 1.39561185 1.35715901 1.32096811 1.37299254 1.25763402
 1.28930106 1.2418005  1.20560959 1.2779914  1.28025334 1.13322778
 1.15358516 1.20108573 1.09703687 1.0563221  0.9635829  0.96584483
 1.00882153 0.85727211 0.82334314 0.83691473 0.77584257 0.81881927
 0.76227098 0.75548518 0.81881927 0.72155621 0.70798462 0.6853653
 0.67179371 0.6921511  0.62655508 0.62429315 0.66953178 0.6423886
 0.6921511  0.66274599 0.63107894 0.60167383 0.55869713 0.56774485
 0.4569102  0.50214884 0.48857724 0.4998869  0.44560054 0.36643293
 0.34607555 0.35059941 0.33702782 0.28500339 0.21714544 0.28952726
 0.24428862 0.19452613 0.19678806 0.17416874 0.14928749 0.16512101
 0.12893011 0.11309658 0.12893011 0.07916761 0.07916761 0.07916761
 0.05428636 0.0497625  0.03392898 0.03166704 0.02488125 0.02714318
 0.01357159 0.01130966 0.00904773 0.01809545]",0.990810327580879,0.4014684870263402,1.196078499986917,1.4498690354833155,0.2236861977117424,1.3343289363714563,2.151009696612953,8.2818642781285,1.4835889614649997,1.894636971062402,0.27706327040308026
